Image,Name,Class,Parent,ROI,Centroid X µm,Centroid Y µm,Num Detections,Num Apoptosis/Necrosis,Num SiHa,Area µm^2,Perimeter µm,Num Keratinocytes
1,Apoptosis/Necrosis,Apoptosis/Necrosis,Image,Geometry,6534.9,875.39,120,120,0,11305.5,519.31,
1,Apoptosis/Necrosis,Apoptosis/Necrosis,Image,Polygon,6385,803.21,38,38,0,4451.7,336.23,
1,Apoptosis/Necrosis,Apoptosis/Necrosis,Image,Polygon,5792.5,404.27,17,17,0,997.51,135.41,
1,Apoptosis/Necrosis,Apoptosis/Necrosis,Image,Polygon,3846,260.46,46,46,0,3288.8,256.09,
1,Apoptosis/Necrosis,Apoptosis/Necrosis,Image,Polygon,3483.1,306.38,14,14,0,2092.3,281.82,
1,Apoptosis/Necrosis,Apoptosis/Necrosis,Image,Polygon,906.21,1085.4,14,14,0,2817.9,245.87,
1,ColorDeconvolution,ColorDeconvolution,Image,Rectangle,5132.5,282.06,96,91,5,79886.8,1130.9,
1,SiHa,SiHa,Image,Geometry,3879.9,630.89,100,0,100,25999.2,3175.3,
1,Apoptosis/Necrosis,Apoptosis/Necrosis,Image,Geometry,3175.4,776.71,758,758,0,99874.2,8654.5,
1,ROI,ROI,Image,Rectangle,3458.5,783.18,1107,1007,100,10834399.4,16966.6,
2,Apoptosis/Necrosis,Apoptosis/Necrosis,Image,Polygon,14065.2,2367.9,20,20,0,916.69,131.69,0
2,Apoptosis/Necrosis,Apoptosis/Necrosis,Image,Polygon,14091.2,2333.3,12,12,0,861.81,138.03,0
2,Apoptosis/Necrosis,Apoptosis/Necrosis,Image,Polygon,14043.6,2451.7,10,10,0,621.46,108.42,0
2,Apoptosis/Necrosis,Apoptosis/Necrosis,Image,Polygon,14124.8,2399,22,22,0,1471.6,210.16,0
2,Apoptosis/Necrosis,Apoptosis/Necrosis,Image,Polygon,13925.1,2328.7,13,13,0,1072.3,143.31,0
2,Apoptosis/Necrosis,Apoptosis/Necrosis,Image,Polygon,14016.3,2486.7,32,32,0,1476.2,185.68,0
2,Apoptosis/Necrosis,Apoptosis/Necrosis,Image,Polygon,13937.4,2442.8,11,11,0,812.01,139.28,0
2,Apoptosis/Necrosis,Apoptosis/Necrosis,Image,Polygon,13820.4,2382.2,17,17,0,1162.8,164.78,0
2,Apoptosis/Necrosis,Apoptosis/Necrosis,Image,Polygon,13857.6,2355.3,12,12,0,775.53,125.29,0
2,Apoptosis/Necrosis,Apoptosis/Necrosis,Image,Polygon,13691.4,2393.7,26,26,0,2189.4,297.32,0
2,Apoptosis/Necrosis,Apoptosis/Necrosis,Image,Polygon,13558.3,2428.9,24,24,0,3605.9,536.05,0
2,Apoptosis/Necrosis,Apoptosis/Necrosis,Image,Polygon,13466,2432.2,22,22,0,2491.8,309.78,0
2,Apoptosis/Necrosis,Apoptosis/Necrosis,Image,Polygon,13354,2430.3,8,8,0,1331.2,213.23,0
2,SiHa,SiHa,Image,Polygon,13564.8,2542.8,20,0,20,2342.6,326.04,0
2,SiHa,SiHa,Image,Polygon,13661.9,2517.7,22,0,22,3969.7,433.57,0
2,SiHa,SiHa,Image,Polygon,13332.6,2475.5,5,0,5,1267.3,222.63,0
2,Apoptosis/Necrosis,Apoptosis/Necrosis,Image,Polygon,13138.5,2464.3,112,112,0,12051.2,837.9,0
2,Keratinocytes,Keratinocytes,Image,Polygon,12970.5,2467.1,11,0,0,2933.4,254.2,11
2,Keratinocytes,Keratinocytes,Image,Polygon,12724.3,2494.7,15,0,0,5899.2,534.39,15
2,Keratinocytes,Keratinocytes,Image,Polygon,12482,2524.8,8,0,0,3227.2,292.27,8
2,Apoptosis/Necrosis,Apoptosis/Necrosis,Image,Geometry,12307.3,2593.4,34,34,0,6644.6,445.78,0
2,Apoptosis/Necrosis,Apoptosis/Necrosis,Image,Polygon,11989.7,2518.6,54,54,0,5467.7,499.77,0
2,Apoptosis/Necrosis,Apoptosis/Necrosis,Image,Polygon,11958,2581.2,20,20,0,2317.3,316.21,0
2,Apoptosis/Necrosis,Apoptosis/Necrosis,Image,Polygon,11814.3,2611.9,8,8,0,848.48,150.23,0
2,Apoptosis/Necrosis,Apoptosis/Necrosis,Image,Polygon,11711.5,2525.5,17,17,0,1581.5,213.22,0
2,Apoptosis/Necrosis,Apoptosis/Necrosis,Image,Polygon,11624.9,2577.4,8,8,0,938.85,164.85,0
2,Apoptosis/Necrosis,Apoptosis/Necrosis,Image,Polygon,11583.6,2538.8,53,53,0,4308.5,373.36,0
2,Apoptosis/Necrosis,Apoptosis/Necrosis,Image,Polygon,11522,2587.7,15,15,0,1392.5,217.06,0
2,Apoptosis/Necrosis,Apoptosis/Necrosis,Image,Polygon,11672.8,2611.8,16,16,0,1652,236.66,0
2,Keratinocytes,Keratinocytes,Image,Polygon,11364.6,2541.8,18,0,0,8720.6,435.38,18
2,Keratinocytes,Keratinocytes,Image,Polygon,10898.6,2517.9,40,0,0,15161,919.89,40
2,Keratinocytes,Keratinocytes,Image,Geometry,10409.6,2432.5,30,0,0,13905.5,866.39,30
2,Keratinocytes,Keratinocytes,Image,Geometry,9677.8,2253.9,76,0,0,30645.5,2007.2,76
2,Apoptosis/Necrosis,Apoptosis/Necrosis,Image,Polygon,9517.8,2222.4,42,42,0,4946,371.33,0
2,Apoptosis/Necrosis,Apoptosis/Necrosis,Image,Polygon,9628.2,2312.2,39,39,0,6015.3,596.38,0
2,Apoptosis/Necrosis,Apoptosis/Necrosis,Image,Polygon,9412.5,2227.4,18,18,0,2264.9,219.63,0
2,Apoptosis/Necrosis,Apoptosis/Necrosis,Image,Polygon,8945.3,2052.4,115,115,0,14048.2,936.31,0
2,Apoptosis/Necrosis,Apoptosis/Necrosis,Image,Polygon,9116.2,2125.7,5,5,0,1104.4,158.03,0
2,Apoptosis/Necrosis,Apoptosis/Necrosis,Image,Polygon,8762.5,1954.6,61,61,0,6997.5,597.76,0
2,Apoptosis/Necrosis,Apoptosis/Necrosis,Image,Polygon,8687.5,1952.1,7,7,0,721.77,118.61,0
2,Apoptosis/Necrosis,Apoptosis/Necrosis,Image,Polygon,8436.9,1791.6,4,4,0,654.2,102.39,0
2,Keratinocytes,Keratinocytes,Image,Geometry,8499.5,1786.8,50,0,0,12223.4,844,50
2,Apoptosis/Necrosis,Apoptosis/Necrosis,Image,Polygon,8176.4,1478.2,77,77,0,9874.4,965.34,0
2,Apoptosis/Necrosis,Apoptosis/Necrosis,Image,Polygon,7946.2,1326.9,14,14,0,1670.7,175.95,0
2,Apoptosis/Necrosis,Apoptosis/Necrosis,Image,Polygon,7870.8,1356.2,20,20,0,3105.1,291.54,0
2,Apoptosis/Necrosis,Apoptosis/Necrosis,Image,Polygon,8017.5,1333.5,11,11,0,2490.8,313.71,0
2,Apoptosis/Necrosis,Apoptosis/Necrosis,Image,Polygon,7952.6,1421.8,13,13,0,1583,199.41,0
2,SiHa,SiHa,Image,Polygon,8112,1557.4,7,0,7,1775.6,209.23,0
2,SiHa,SiHa,Image,Polygon,8066.3,1518.4,1,0,1,381.94,70.5,0
2,SiHa,SiHa,Image,Polygon,8042.2,1450.8,9,0,9,1757.8,227.57,0
2,SiHa,SiHa,Image,Polygon,8086,1433.7,4,0,4,870.7,128.14,0
2,SiHa,SiHa,Image,Polygon,8113.5,1469.9,3,0,3,335.83,66.35,0
2,SiHa,SiHa,Image,Polygon,8231.5,1633,1,0,1,391.87,72.37,0
2,Keratinocytes,Keratinocytes,Image,Geometry,7869.2,1218.3,15,0,0,3281,353.31,15
2,Apoptosis/Necrosis,Apoptosis/Necrosis,Image,Polygon,7652.3,1027.6,36,36,0,3374.9,453.98,0
2,Apoptosis/Necrosis,Apoptosis/Necrosis,Image,Geometry,7719.4,1010.6,185,185,0,20359.7,1471.5,0
2,Apoptosis/Necrosis,Apoptosis/Necrosis,Image,Geometry,7594.1,748.96,60,60,0,8433,616.78,0
2,Apoptosis/Necrosis,Apoptosis/Necrosis,Image,Polygon,7596.5,881.6,6,6,0,634.18,98.33,0
2,Apoptosis/Necrosis,Apoptosis/Necrosis,Image,Polygon,7546.9,830.07,10,10,0,1243.3,155.86,0
2,SiHa,SiHa,Image,Polygon,7513.7,770.82,10,0,10,2976.4,388.39,0
2,Apoptosis/Necrosis,Apoptosis/Necrosis,Image,Polygon,7437.7,551.54,13,13,0,1743.1,179.92,0
2,Apoptosis/Necrosis,Apoptosis/Necrosis,Image,Polygon,7465.9,449.51,117,117,0,18712.1,1185,0
2,Apoptosis/Necrosis,Apoptosis/Necrosis,Image,Polygon,7303.6,177.39,67,67,0,12959.9,792.79,0
2,SiHa,SiHa,Image,Polygon,8919.9,2100.8,6,0,6,1970.2,253.91,0
2,SiHa,SiHa,Image,Polygon,9573,2322.7,2,0,2,450.23,83.35,0
2,Apoptosis/Necrosis,Apoptosis/Necrosis,Image,Polygon,12737.2,2550.8,80,80,0,6726.1,526.71,0
2,SiHa,SiHa,Image,Polygon,12684.3,2606.5,3,0,3,1139.6,170.84,0
2,SiHa,SiHa,Image,Polygon,13494,2499.5,6,0,6,1496.5,198.58,0
2,Apoptosis/Necrosis,Apoptosis/Necrosis,Image,Polygon,14215.2,2360.8,34,34,0,6089.7,555.7,0
2,Keratinocytes,Keratinocytes,Image,Polygon,12244,2542.5,25,0,0,9934.1,704.49,25
2,ColorDeconvolution,ColorDeconvolution,Image,Rectangle,9672.8,2221.3,48,37,1,59683.9,999.36,10
2,Apoptosis/Necrosis,Apoptosis/Necrosis,Image,Geometry,12109.2,2385.6,100,100,0,9763.8,1318.4,0
2,StarDist,StarDist,Image,Rectangle,11363.7,2537.6,15,0,0,9157.8,456.86,15
2,StarDist,StarDist,Image,Rectangle,11042.5,2542.1,7,0,0,2842.2,273.23,7
2,ROI,ROI,Image,Rectangle,11647.1,1367.6,1496,1141,82,19665511.7,19849.9,273
3,Keratinocytes,Keratinocytes,Image,Geometry,357,4005.4,57,0,0,14240.7,736.3,57
3,Keratinocytes,Keratinocytes,Image,Polygon,506.52,4099.7,13,0,0,5025.8,442.66,13
3,Keratinocytes,Keratinocytes,Image,Polygon,580.95,3913,30,0,0,9664.2,624.99,30
3,Keratinocytes,Keratinocytes,Image,Polygon,730,3821.5,11,0,0,2765.9,239.85,11
3,Keratinocytes,Keratinocytes,Image,Polygon,963.72,3835.7,9,0,0,3148.3,391.35,9
3,Keratinocytes,Keratinocytes,Image,Polygon,952.67,3646.3,28,0,0,5896.5,575.04,28
3,Keratinocytes,Keratinocytes,Image,Polygon,1243.1,3632.6,31,0,0,10133.7,590.93,31
3,Keratinocytes,Keratinocytes,Image,Polygon,1779,3414.5,116,0,0,33307.6,1341.8,116
3,Keratinocytes,Keratinocytes,Image,Polygon,2127.8,3461.4,8,0,0,3834.4,271.99,8
3,Keratinocytes,Keratinocytes,Image,Polygon,2421.3,3392.7,39,0,0,9414.3,448.09,39
3,SiHa,SiHa,Image,Polygon,2541.1,3306.2,98,0,98,8571,442.34,0
3,Keratinocytes,Keratinocytes,Image,Geometry,3827.3,3137.8,169,0,0,68590,2111.8,169
3,Keratinocytes,Keratinocytes,Image,Polygon,3245.9,3345.3,32,0,0,6864.2,395.78,32
3,Keratinocytes,Keratinocytes,Image,Polygon,2951.3,3346.4,31,0,0,7087.7,460.31,31
3,SiHa,SiHa,Image,Polygon,5414.7,3490.1,114,0,114,7896,405.68,0
3,SiHa,SiHa,Image,Polygon,5176.4,3489.5,99,0,99,6388.4,388.99,0
3,Apoptosis/Necrosis,Apoptosis/Necrosis,Image,Geometry,5781.7,3495.7,43,43,0,3720.1,389.74,0
3,Apoptosis/Necrosis,Apoptosis/Necrosis,Image,Polygon,4840.5,3361.2,23,23,0,1562.9,201.09,0
3,Apoptosis/Necrosis,Apoptosis/Necrosis,Image,Polygon,4587.9,3355.5,16,16,0,1403.2,192.92,0
3,SiHa,SiHa,Image,Polygon,4112.2,3372,180,0,180,14618.6,737.54,0
3,ColorDeconvolution,ColorDeconvolution,Image,Rectangle,2713.5,3372.7,0,0,0,25559.3,675.36,0
4,Keratinocytes,Keratinocytes,Image,Polygon,8226.4,3195.8,37,0,0,9494.9,890.07,37
4,Keratinocytes,Keratinocytes,Image,Geometry,8789.1,3539.2,74,0,0,20724.6,1605.3,74
4,Keratinocytes,Keratinocytes,Image,Polygon,9583.1,4024.6,58,0,0,14275.9,1210.3,58
4,Keratinocytes,Keratinocytes,Image,Polygon,10307.4,4410,55,0,0,10907.3,1037.3,55
4,Keratinocytes,Keratinocytes,Image,Polygon,10751.2,4583.5,29,0,0,8546.5,772.48,29
4,Keratinocytes,Keratinocytes,Image,Polygon,11063.9,4759.6,34,0,0,5872.9,395.12,34
4,Keratinocytes,Keratinocytes,Image,Polygon,11353.8,4830.5,42,0,0,8206.6,545.97,42
4,Apoptosis/Necrosis,Apoptosis/Necrosis,Image,Polygon,11547.6,4870.1,51,51,0,5488.8,474.49,0
4,Keratinocytes,Keratinocytes,Image,Polygon,11686.1,4872.9,23,0,0,3952.8,398.44,23
4,Apoptosis/Necrosis,Apoptosis/Necrosis,Image,Polygon,11931.8,5003.8,44,44,0,3737.8,328.14,0
4,Apoptosis/Necrosis,Apoptosis/Necrosis,Image,Polygon,12047.9,5035.9,9,9,0,1212.8,147.93,0
4,Apoptosis/Necrosis,Apoptosis/Necrosis,Image,Polygon,12102.6,5044.9,8,8,0,1038.4,133.98,0
4,Keratinocytes,Keratinocytes,Image,Geometry,12020.2,4961,46,0,0,9723.4,813.99,46
4,Keratinocytes,Keratinocytes,Image,Polygon,12392.1,5080.1,19,0,0,3058.8,223.53,19
4,Keratinocytes,Keratinocytes,Image,Polygon,12603.3,5091.6,22,0,0,4602.3,326.88,22
4,Keratinocytes,Keratinocytes,Image,Polygon,12832.5,5063.5,21,0,0,5280.1,443.01,21
4,Apoptosis/Necrosis,Apoptosis/Necrosis,Image,Polygon,12987,5124.7,52,52,0,4451.1,394.66,0
4,Apoptosis/Necrosis,Apoptosis/Necrosis,Image,Polygon,14372.8,4909,20,20,0,1778.5,259.33,0
4,Apoptosis/Necrosis,Apoptosis/Necrosis,Image,Geometry,14613.9,4600.9,35,35,0,2591.2,443.84,0
4,Apoptosis/Necrosis,Apoptosis/Necrosis,Image,Polygon,14551.3,4717.9,16,16,0,1059.6,138.72,0
4,Apoptosis/Necrosis,Apoptosis/Necrosis,Image,Polygon,14492.8,4767.8,13,13,0,1020.5,153.12,0
4,Keratinocytes,Keratinocytes,Image,Polygon,13939.7,5024.4,19,0,0,3112.5,283.88,19
4,SiHa,SiHa,Image,Polygon,13502.3,5194.1,13,0,13,988.91,134.62,0
4,SiHa,SiHa,Image,Polygon,13474.6,5101.3,8,0,8,1843.9,203.5,0
4,SiHa,SiHa,Image,Polygon,13663.8,5117.1,31,0,31,3246.7,302.72,0
4,Apoptosis/Necrosis,Apoptosis/Necrosis,Image,Polygon,13116.6,5112.6,14,14,0,711.03,104.91,0
4,SiHa,SiHa,Image,Polygon,13075.2,5123.5,12,0,12,1476.6,155.21,0
4,SiHa,SiHa,Image,Polygon,12868.5,5161.9,13,0,13,1396.8,162.08,0
4,Apoptosis/Necrosis,Apoptosis/Necrosis,Image,Polygon,11673.1,4955.6,2,2,0,465.53,78.92,0
4,Apoptosis/Necrosis,Apoptosis/Necrosis,Image,Polygon,10718.7,4683.3,18,18,0,1114.9,175.71,0
4,Apoptosis/Necrosis,Apoptosis/Necrosis,Image,Polygon,10638,4616.9,13,13,0,1073,144.05,0
4,SiHa,SiHa,Image,Polygon,10605.1,4593.3,10,0,10,1191.9,182.72,0
4,SiHa,SiHa,Image,Polygon,10742.6,4626.3,10,0,10,1586.2,234.78,0
4,Apoptosis/Necrosis,Apoptosis/Necrosis,Image,Geometry,10205.8,4434.2,22,22,0,1837.5,206.13,0
4,SiHa,SiHa,Image,Polygon,10126.6,4389.4,9,0,9,1084.4,144.99,0
4,Apoptosis/Necrosis,Apoptosis/Necrosis,Image,Polygon,9695.5,4133.9,14,14,0,1004.7,121.56,0
4,Apoptosis/Necrosis,Apoptosis/Necrosis,Image,Polygon,9614.8,4100.7,23,23,0,1619.2,233.84,0
4,SiHa,SiHa,Image,Polygon,9531,4117.8,10,0,10,1643.7,235.67,0
4,Apoptosis/Necrosis,Apoptosis/Necrosis,Image,Polygon,8851.5,3630.1,43,43,0,1998.1,232.79,0
4,SiHa,SiHa,Image,Polygon,7993.5,3097,20,0,20,2825.3,326.19,0
4,SiHa,SiHa,Image,Polygon,14351.3,4836.6,42,0,42,4691.3,312.8,0
4,SiHa,SiHa,Image,Polygon,7846.6,2925.8,99,0,99,11859.3,557.74,0
4,ColorDeconvolution,ColorDeconvolution,Image,Rectangle,10684,4592.8,48,31,7,49752.6,990.97,10
5,Keratinocytes,Keratinocytes,Image,Polygon,7695.4,5940.1,73,0,0,14771.2,1383.2,73
5,Apoptosis/Necrosis,Apoptosis/Necrosis,Image,Polygon,7286,5762.5,51,51,0,5005.9,437.48,0
5,Keratinocytes,Keratinocytes,Image,Polygon,7080.1,5845.7,63,0,0,10723.2,972.06,63
5,SiHa,SiHa,Image,Polygon,6823,5707.6,81,0,81,17162.3,1134.3,0
5,SiHa,SiHa,Image,Polygon,6493.7,5749.6,62,0,62,11394.7,611.96,0
5,Keratinocytes,Keratinocytes,Image,Polygon,5957.2,5694.4,28,0,0,7765.8,459.49,28
5,Keratinocytes,Keratinocytes,Image,Polygon,5695.7,5662.6,58,0,0,10676.9,700.25,58
5,Keratinocytes,Keratinocytes,Image,Polygon,5195.3,5731.7,21,0,0,3211,308.69,21
5,Keratinocytes,Keratinocytes,Image,Polygon,4901.5,5680.3,19,0,0,3497.5,361.04,19
5,Keratinocytes,Keratinocytes,Image,Polygon,4685.5,5501.2,81,0,0,33600.4,1051.3,81
5,Keratinocytes,Keratinocytes,Image,Geometry,4369.9,5755.3,65,0,0,11743.9,763.65,65
5,Keratinocytes,Keratinocytes,Image,Polygon,3823.8,5642.2,83,0,0,30294.2,1428.8,83
5,Keratinocytes,Keratinocytes,Image,Polygon,3321.8,5675.8,91,0,0,23537.7,1344.7,91
5,SiHa,SiHa,Image,Polygon,3067.2,5644.6,26,0,26,6726.6,646.43,0
5,Keratinocytes,Keratinocytes,Image,Polygon,2871.2,5768.7,22,0,0,5280.1,429.25,22
5,Keratinocytes,Keratinocytes,Image,Polygon,2633.1,5789.7,29,0,0,6581,473.51,29
5,SiHa,SiHa,Image,Geometry,2284,5821.8,59,0,59,13050.4,660.87,0
5,Keratinocytes,Keratinocytes,Image,Geometry,2202.8,5629.1,60,0,0,18619.2,1183.2,60
5,SiHa,SiHa,Image,Polygon,1724.6,5904.3,36,0,36,7116.7,500.67,0
5,SiHa,SiHa,Image,Polygon,286.39,6549.1,19,0,19,5250.8,325.89,0
5,ColorDeconvolution,ColorDeconvolution,Image,Rectangle,7012.8,5835.5,45,0,14,67138.2,1043.9,31
6,Keratinocytes,Keratinocytes,Image,Polygon,9831.9,6211.2,9,0,0,5620.5,370.59,9
6,Keratinocytes,Keratinocytes,Image,Polygon,10449.5,6072.7,40,0,0,11449.6,702.99,40
6,Keratinocytes,Keratinocytes,Image,Polygon,10711.1,6062.6,11,0,0,4487.5,298.16,11
6,Keratinocytes,Keratinocytes,Image,Polygon,11542,5961.9,71,0,0,25044.7,1213.4,71
6,Keratinocytes,Keratinocytes,Image,Polygon,12105.7,5889.2,24,0,0,6909.1,453.31,24
6,Keratinocytes,Keratinocytes,Image,Polygon,12521.1,5826.5,25,0,0,8191.4,602.29,25
6,Apoptosis/Necrosis,Apoptosis/Necrosis,Image,Polygon,9086.4,6093.4,14,14,0,2781.6,310.22,0
6,SiHa,SiHa,Image,Polygon,9094.4,6139.6,14,0,14,2423,262.41,0
6,SiHa,SiHa,Image,Geometry,8353.9,5884.4,42,0,42,10147.3,579.52,0
6,Keratinocytes,Keratinocytes,Image,Polygon,8212,6130.2,11,0,0,3494,270.49,11
6,Keratinocytes,Keratinocytes,Image,Geometry,8156.8,5987.3,20,0,0,6155.3,585.62,20
6,ColorDeconvolution,ColorDeconvolution,Image,Rectangle,10493.3,6062.2,29,0,0,43013.4,829.86,29
7,Keratinocytes,Keratinocytes,Image,Polygon,6381.1,7282.3,53,,0,9517.6,687.09,53
7,Keratinocytes,Keratinocytes,Image,Polygon,5842.2,7079.3,121,,0,21442,922.22,121
7,Keratinocytes,Keratinocytes,Image,Polygon,5247,6967.4,128,,0,24186.7,1200.1,128
7,Keratinocytes,Keratinocytes,Image,Polygon,4536.9,6874.2,133,,0,25957.9,982.32,133
7,Keratinocytes,Keratinocytes,Image,Polygon,3985.5,6897.1,86,,0,18708,783.76,86
7,Keratinocytes,Keratinocytes,Image,Polygon,3619.5,6892.4,20,,0,4600.6,290.31,20
7,Keratinocytes,Keratinocytes,Image,Polygon,3303.9,6909.1,39,,0,5818.8,364.64,39
7,Keratinocytes,Keratinocytes,Image,Polygon,2605.9,7015.9,18,,0,2853.9,254.39,18
7,Keratinocytes,Keratinocytes,Image,Polygon,2224.8,7146,18,,0,5993.5,694.49,18
7,Keratinocytes,Keratinocytes,Image,Polygon,1729.8,7261.3,25,,0,4964.3,421.24,25
7,Keratinocytes,Keratinocytes,Image,Polygon,1415.8,7356.2,47,,0,8494.8,699.32,47
7,Keratinocytes,Keratinocytes,Image,Polygon,1145.6,7522,14,,0,3080.3,358.89,14
7,SiHa,SiHa,Image,Polygon,994.83,7574.1,34,,34,7758.3,519.49,0
7,SiHa,SiHa,Image,Polygon,443.14,7928.5,30,,30,5436,461.5,0
7,SiHa,SiHa,Image,Polygon,7176.1,7636.8,79,,79,11317,517.22,0
7,SiHa,SiHa,Image,Polygon,1893.8,7185.5,38,,38,9903.4,653.15,0
7,Keratinocytes,Keratinocytes,Image,Polygon,2937.9,6976,54,,0,9218.2,643.42,54
7,ColorDeconvolution,ColorDeconvolution,Image,Rectangle,4012.6,6903.5,24,,0,21740.4,610.47,24
8,Keratinocytes,Keratinocytes,Image,Geometry,14636.5,7171.7,48,0,0,6250.2,723.35,48
8,Keratinocytes,Keratinocytes,Image,Geometry,14216.3,7071.3,47,0,0,6015.9,586.11,47
8,Keratinocytes,Keratinocytes,Image,Geometry,13726.6,7062.1,67,0,0,9983.7,1152.3,67
8,Keratinocytes,Keratinocytes,Image,Geometry,12944.4,6993.7,23,0,0,5408.1,606.41,23
8,SiHa,SiHa,Image,Polygon,12565.7,6919.1,18,0,18,5512.8,498.08,0
8,SiHa,SiHa,Image,Polygon,12542.9,6993.7,15,0,15,4636.4,432.36,0
8,Keratinocytes,Keratinocytes,Image,Polygon,12220.6,6971.6,17,0,0,3734.9,332.14,17
8,Keratinocytes,Keratinocytes,Image,Polygon,11677.2,6953.2,73,0,0,12849.8,823.87,73
8,SiHa,SiHa,Image,Geometry,11952.9,6917.2,12,0,12,2555.8,357.7,0
8,Keratinocytes,Keratinocytes,Image,Polygon,11169.2,6975.7,77,0,0,13164.3,982.94,77
8,Keratinocytes,Keratinocytes,Image,Polygon,10791.3,7024.5,24,0,0,4711.9,494.79,24
8,SiHa,SiHa,Image,Geometry,10495.1,7051.5,115,0,115,23616.3,1151.4,0
8,SiHa,SiHa,Image,Polygon,10367.6,6959.7,29,0,29,4909.8,546.43,0
8,Apoptosis/Necrosis,Apoptosis/Necrosis,Image,Polygon,9787.6,7155,14,14,0,2114.5,229.95,0
8,Keratinocytes,Keratinocytes,Image,Polygon,9912,7183.9,84,0,0,13462,998.44,84
8,Apoptosis/Necrosis,Apoptosis/Necrosis,Image,Polygon,9471.6,7251.6,12,12,0,1172.8,132.98,0
8,Apoptosis/Necrosis,Apoptosis/Necrosis,Image,Polygon,9590.1,7225.8,10,10,0,535.17,87.76,0
8,Keratinocytes,Keratinocytes,Image,Polygon,9537.7,7281.1,29,0,0,4623.9,420.7,29
8,Apoptosis/Necrosis,Apoptosis/Necrosis,Image,Polygon,9165.4,7457.2,15,15,0,1160.5,161.29,0
8,SiHa,SiHa,Image,Polygon,8842.1,7552.2,21,0,21,4808.4,451.47,0
8,SiHa,SiHa,Image,Polygon,8661,7590.6,24,0,24,4733.4,452.47,0
8,Keratinocytes,Keratinocytes,Image,Polygon,9308.9,7379.1,22,0,0,4400.6,342.42,22
8,ColorDeconvolution,ColorDeconvolution,Image,Rectangle,10129.6,7080.3,22,0,0,70493.3,1062,22
9,SiHa,SiHa,Image,Polygon,5654.2,9737,93,,93,17182.8,986.27,0
9,SiHa,SiHa,Image,Polygon,4601,9160.2,80,,80,10711.6,627.93,0
9,Keratinocytes,Keratinocytes,Image,Geometry,4371.5,9122.1,18,,0,7516.3,1017.8,18
9,Keratinocytes,Keratinocytes,Image,Geometry,3758.8,8970.2,24,,0,10867.3,1171.9,24
9,SiHa,SiHa,Image,Polygon,3846,8940.1,305,,305,27389.3,1085.9,0
9,SiHa,SiHa,Image,Polygon,3293,8811.1,175,,175,17827.7,586.36,0
9,SiHa,SiHa,Image,Geometry,2799.9,8752.7,305,,305,25969.3,1042.2,0
9,Keratinocytes,Keratinocytes,Image,Polygon,3027.5,8821.8,26,,0,6764.6,716.31,26
9,Keratinocytes,Keratinocytes,Image,Polygon,2439.4,8716.1,27,,0,3911.9,380.78,27
9,Keratinocytes,Keratinocytes,Image,Polygon,2200.6,8669.2,16,,0,5074.7,453.11,16
9,Keratinocytes,Keratinocytes,Image,Polygon,1831.5,8612.7,28,,0,9061.2,884.42,28
9,SiHa,SiHa,Image,Geometry,1762.1,8541.6,190,,190,19392.1,718.88,0
9,Keratinocytes,Keratinocytes,Image,Polygon,1440.8,8548,22,,0,5552.4,519.35,22
9,Keratinocytes,Keratinocytes,Image,Polygon,1125.8,8523.5,29,,0,5338.9,475.16,29
9,SiHa,SiHa,Image,Polygon,562.27,8590.6,193,,193,16597.6,936.89,0
9,ColorDeconvolution,ColorDeconvolution,Image,Rectangle,1078,8493.7,13,,0,10500.9,421.55,13
10,SiHa,SiHa,Image,Polygon,7471.5,8905.5,245,0,245,21555.7,744.16,0
10,Keratinocytes,Keratinocytes,Image,Geometry,6557.4,8527.5,90,0,0,13946.5,1129.8,90
10,Keratinocytes,Keratinocytes,Image,Polygon,7017.3,8712.5,31,0,0,3714.5,275.02,31
10,Keratinocytes,Keratinocytes,Image,Polygon,7206.4,8828.9,25,0,0,4727.4,452,25
10,Apoptosis/Necrosis,Apoptosis/Necrosis,Image,Polygon,7923.5,8963.3,40,40,0,1660.6,179.85,0
10,SiHa,SiHa,Image,Polygon,7891.7,9036.3,151,0,151,12468.3,612.97,0
10,SiHa,SiHa,Image,Polygon,8209.8,9126.1,111,0,111,9165.5,404.8,0
10,Keratinocytes,Keratinocytes,Image,Polygon,8161,9160.2,5,0,0,2082.4,286.57,5
10,SiHa,SiHa,Image,Polygon,8576.2,9408.1,85,0,85,10030.9,436.82,0
10,SiHa,SiHa,Image,Polygon,8739.2,9536.7,198,0,198,10593.6,462.48,0
10,Keratinocytes,Keratinocytes,Image,Polygon,9179.5,9904.4,7,0,0,1510.3,187.03,7
10,Keratinocytes,Keratinocytes,Image,Polygon,9002.8,9777.7,20,0,0,2474.9,374.51,20
10,Keratinocytes,Keratinocytes,Image,Polygon,9408.9,10139.8,14,0,0,2587,279.75,14
10,Keratinocytes,Keratinocytes,Image,Polygon,9677.6,10436.7,13,0,0,5244.1,475.28,13
10,Keratinocytes,Keratinocytes,Image,Polygon,6873.3,8665.9,26,0,0,2632.4,221.35,26
10,ColorDeconvolution,ColorDeconvolution,Image,Rectangle,7878.5,9026.5,144,35,109,36906.8,826.77,0
11,SiHa,SiHa,Image,Polygon,10469.4,10361.1,160,0,160,14519.1,682.33,0
11,SiHa,SiHa,Image,Polygon,10667.1,10341.9,94,0,94,5987.6,442.67,0
11,Keratinocytes,Keratinocytes,Image,Polygon,11732.9,10268.3,8,0,0,1697.5,171.14,8
11,SiHa,SiHa,Image,Polygon,11119.5,10308.4,123,0,123,10564.5,612.83,0
11,SiHa,SiHa,Image,Polygon,11893.4,10309.9,180,0,180,16377.5,552.81,0
11,Apoptosis/Necrosis,Apoptosis/Necrosis,Image,Polygon,11800.4,10362,12,12,0,681.47,107.28,0
11,SiHa,SiHa,Image,Polygon,12252.2,10266.1,128,0,128,12374.6,538.08,0
11,SiHa,SiHa,Image,Polygon,12492.9,10241.6,75,0,75,4773,271.72,0
11,Keratinocytes,Keratinocytes,Image,Geometry,12841,10140.5,32,0,0,4340.8,609.33,32
11,Keratinocytes,Keratinocytes,Image,Geometry,13525.5,9944.9,80,0,0,19099.2,2104.3,80
11,Keratinocytes,Keratinocytes,Image,Polygon,14271.3,9699.7,22,0,0,6564.9,894.27,22
11,Keratinocytes,Keratinocytes,Image,Polygon,14603.1,9564.7,10,0,0,3789.1,572.6,10
11,Apoptosis/Necrosis,Apoptosis/Necrosis,Image,Polygon,15150,9341.3,44,44,0,2366.2,241.18,0
11,SiHa,SiHa,Image,Polygon,15554.1,8862.2,63,0,63,4758,311.07,0
11,SiHa,SiHa,Image,Polygon,11482.1,10329.8,194,0,194,14254,788.4,0
11,ColorDeconvolution,ColorDeconvolution,Image,Rectangle,13181.7,10035.6,7,0,0,22407.8,605.18,7
12,SiHa,SiHa,Image,Geometry,275.9,10724.1,237,0,237,19679.2,707.71,0
12,SiHa,SiHa,Image,Polygon,855.86,11135.7,325,0,325,27021.9,922.33,0
12,Apoptosis/Necrosis,Apoptosis/Necrosis,Image,Polygon,2721.8,12113.8,34,34,0,3124.4,261.36,0
12,SiHa,SiHa,Image,Geometry,2872.4,12077.4,479,0,479,38701.9,1127.6,0
12,SiHa,SiHa,Image,Polygon,3419.7,12140.8,181,0,181,14789.8,588.62,0
12,SiHa,SiHa,Image,Polygon,3501.5,12247.6,80,0,80,4515.2,312.49,0
12,SiHa,SiHa,Image,Polygon,6077.6,11641.5,270,0,270,19540.3,968.64,0
12,Keratinocytes,Keratinocytes,Image,Geometry,6563.2,11449.1,53,0,0,11269,1022.2,53
12,Keratinocytes,Keratinocytes,Image,Polygon,4157.2,11949.5,11,0,0,1411.6,141.01,11
12,Keratinocytes,Keratinocytes,Image,Polygon,4564.8,11936.4,8,0,0,1990.8,197.87,8
12,Keratinocytes,Keratinocytes,Image,Geometry,7152.3,11219.5,58,0,0,12648.9,1038.2,58
12,Keratinocytes,Keratinocytes,Image,Polygon,6355.5,11910.1,22,0,0,3247,268.76,22
12,SiHa,SiHa,Image,Polygon,1225.9,11493.8,263,0,263,30182.8,1083.2,0
12,ColorDeconvolution,ColorDeconvolution,Image,Rectangle,5039.5,11890.8,0,0,0,18371.3,638.73,0
13,Apoptosis/Necrosis,Apoptosis/Necrosis,Image,Polygon,8705.5,12059.8,117,117,,13484.3,697.46,0
13,Keratinocytes,Keratinocytes,Image,Polygon,8293.7,11895.7,25,0,,4740.1,485,25
13,Keratinocytes,Keratinocytes,Image,Polygon,9458,12051.8,147,0,,25298.1,2085.3,147
13,Apoptosis/Necrosis,Apoptosis/Necrosis,Image,Polygon,10041.9,12073.8,65,65,,5945.8,464.53,0
13,Apoptosis/Necrosis,Apoptosis/Necrosis,Image,Polygon,10232.6,12060,33,33,,2542.6,331.81,0
13,Apoptosis/Necrosis,Apoptosis/Necrosis,Image,Polygon,10333.4,12076.1,31,31,,1799.7,191.26,0
13,Keratinocytes,Keratinocytes,Image,Polygon,10566.4,11963.2,18,0,,3788.8,297.79,18
13,ColorDeconvolution,ColorDeconvolution,Image,Rectangle,10486.2,12018.5,9,0,,30943.9,706.7,9
15,SiHa,SiHa,Image,Polygon,9087.6,12692.8,203,0,203,35180.9,1135.9,0
15,SiHa,SiHa,Image,Polygon,9842,12808,90,0,90,14337.6,602.65,0
15,SiHa,SiHa,Image,Polygon,10057.8,12870.6,62,0,62,10663.7,520.16,0
15,Apoptosis/Necrosis,Apoptosis/Necrosis,Image,Polygon,9932.6,12873.5,87,87,0,6153.2,327.11,0
15,SiHa,SiHa,Image,Polygon,10538.1,12887.4,206,0,206,28246.6,1168,0
15,Apoptosis/Necrosis,Apoptosis/Necrosis,Image,Polygon,11357.8,12952.2,123,123,0,7744,470.38,0
15,Keratinocytes,Keratinocytes,Image,Geometry,12074.8,13086,103,0,0,17403,1796.8,103
15,Apoptosis/Necrosis,Apoptosis/Necrosis,Image,Polygon,12471.2,13212,87,87,0,7770.8,403,0
15,Apoptosis/Necrosis,Apoptosis/Necrosis,Image,Geometry,12961.9,13226.8,147,147,0,17900.3,866.56,0
15,Keratinocytes,Keratinocytes,Image,Polygon,13365.1,13159,23,0,0,6155.7,719.45,23
15,Apoptosis/Necrosis,Apoptosis/Necrosis,Image,Polygon,13427,13223.7,57,57,0,9577.8,395.69,0
15,Keratinocytes,Keratinocytes,Image,Polygon,14074.8,13080.1,24,0,0,7074.9,784.03,24
15,SiHa,SiHa,Image,Polygon,14303.2,13014.7,62,0,62,10843.8,558.2,0
15,SiHa,SiHa,Image,Polygon,14571.2,12932.7,79,0,79,11669.9,480.52,0
15,Apoptosis/Necrosis,Apoptosis/Necrosis,Image,Polygon,14895.2,12929.3,47,47,0,7054.8,454.33,0
15,Keratinocytes,Keratinocytes,Image,Geometry,15339.3,12924.9,48,0,0,8847,1141.3,48
15,SiHa,SiHa,Image,Polygon,14851,13131.6,45,0,45,4264.7,248.21,0
15,ColorDeconvolution,ColorDeconvolution,Image,Rectangle,13388.4,13181.6,61,51,0,28488.2,686.84,10
15,Keratinocytes,Keratinocytes,Image,Polygon,12665.4,13143.3,17,0,0,3226.9,461.94,17
15,Keratinocytes,Keratinocytes,Image,Polygon,12976.6,13158.5,14,0,0,3907.9,560.4,14
16,Apoptosis/Necrosis,Apoptosis/Necrosis,Image,Polygon,4326.2,14507.9,147,147,,21836.4,1224.5,0
16,Apoptosis/Necrosis,Apoptosis/Necrosis,Image,Polygon,3136.3,14182.6,150,150,,18087.9,1006.7,0
16,Keratinocytes,Keratinocytes,Image,Polygon,2362.6,14089.1,18,0,,4100.1,582.37,18
16,Apoptosis/Necrosis,Apoptosis/Necrosis,Image,Polygon,889.95,14065.6,57,57,,12845,793.41,0
16,Apoptosis/Necrosis,Apoptosis/Necrosis,Image,Polygon,416.86,14289.1,26,26,,2492.3,194.16,0
16,Keratinocytes,Keratinocytes,Image,Geometry,1729,14035.5,57,0,,13887.4,1592.4,57
16,ColorDeconvolution,ColorDeconvolution,Image,Rectangle,3928.9,14362,0,0,,21513.4,589.29,0
17,Apoptosis/Necrosis,Apoptosis/Necrosis,Image,Polygon,7438.2,15107.1,115,115,,22930.8,1200.8,
17,Apoptosis/Necrosis,Apoptosis/Necrosis,Image,Polygon,8842.3,15066.9,114,114,,14283.3,765.75,
17,Apoptosis/Necrosis,Apoptosis/Necrosis,Image,Polygon,9406.1,14992.1,52,52,,7382.2,495.22,
17,Apoptosis/Necrosis,Apoptosis/Necrosis,Image,Polygon,10479.5,14798.7,49,49,,7041.7,322.39,
17,Apoptosis/Necrosis,Apoptosis/Necrosis,Image,Polygon,11210.6,14530.9,213,213,,37093,1682.1,
17,ColorDeconvolution,ColorDeconvolution,Image,Rectangle,11100.8,14599.7,103,103,,52815,923.88,
18,SiHa,SiHa,Image,Polygon,7437.4,15517.9,95,0,95,11383.8,682.39,
18,SiHa,SiHa,Image,Polygon,7136.9,15707.4,80,0,80,7173.6,443.22,
18,SiHa,SiHa,Image,Polygon,5634.3,16380.8,107,0,107,9576.3,509.74,
18,SiHa,SiHa,Image,Polygon,5378.8,16406.6,76,0,76,8668.3,398.26,
18,SiHa,SiHa,Image,Polygon,4496.9,16665.8,97,0,97,10303.8,473.91,
18,Apoptosis/Necrosis,Apoptosis/Necrosis,Image,Polygon,4682,16560.1,92,92,0,9726.1,700.36,
18,Apoptosis/Necrosis,Apoptosis/Necrosis,Image,Polygon,5611.5,16291.8,38,38,0,1834.8,171.43,
18,Apoptosis/Necrosis,Apoptosis/Necrosis,Image,Polygon,5896,16266.6,24,24,0,2742.4,231.34,
18,SiHa,SiHa,Image,Geometry,6312.1,16079.6,265,0,265,23684.8,1167.5,
18,Apoptosis/Necrosis,Apoptosis/Necrosis,Image,Polygon,6742.1,15816.4,61,61,0,5499.7,421.05,
18,Apoptosis/Necrosis,Apoptosis/Necrosis,Image,Polygon,7128.4,15622.5,38,38,0,5323.3,369.87,
18,ColorDeconvolution,ColorDeconvolution,Image,Rectangle,6079.9,16159.6,0,0,0,27518.4,674.48,
19,SiHa,SiHa,Image,Polygon,8301.9,16277.5,256,0,256,27002.6,981.16,0
19,Apoptosis/Necrosis,Apoptosis/Necrosis,Image,Polygon,8284.1,15815.7,51,51,0,10231,609.44,0
19,SiHa,SiHa,Image,Geometry,8355,15451,135,0,135,12944.4,651.42,0
19,Apoptosis/Necrosis,Apoptosis/Necrosis,Image,Polygon,8244.7,17037.9,91,91,0,12469.5,637.08,0
19,SiHa,SiHa,Image,Geometry,8157,17789.1,82,0,82,8665,768.74,0
19,Apoptosis/Necrosis,Apoptosis/Necrosis,Image,Polygon,8149.1,18504,25,25,0,2574.5,237.62,0
19,SiHa,SiHa,Image,Geometry,8234.5,18831.6,47,0,47,6284.4,542.69,0
19,Apoptosis/Necrosis,Apoptosis/Necrosis,Image,Polygon,8123.7,19147.1,102,102,0,8447.2,514.57,0
19,Apoptosis/Necrosis,Apoptosis/Necrosis,Image,Polygon,8284.8,19449.9,58,58,0,7803.2,566.1,0
19,Keratinocytes,Keratinocytes,Image,Polygon,8017.3,19502.5,14,0,0,6345.2,349.61,14
19,Keratinocytes,Keratinocytes,Image,Polygon,7895.6,19258.8,51,0,0,14418.7,942.93,51
19,SiHa,SiHa,Image,Polygon,8510.9,20128,65,0,65,8340.7,522.07,0
19,Apoptosis/Necrosis,Apoptosis/Necrosis,Image,Geometry,8402.3,20129,71,71,0,9584.9,653.86,0
19,Apoptosis/Necrosis,Apoptosis/Necrosis,Image,Polygon,8697.9,20472.4,77,77,0,5315.4,411.85,0
19,Keratinocytes,Keratinocytes,Image,Geometry,8719.4,21513.7,26,0,0,8454.4,755.47,26
19,Keratinocytes,Keratinocytes,Image,Polygon,8876.4,21687.3,12,0,0,4829.8,335.23,12
19,SiHa,SiHa,Image,Polygon,9849.9,22604.7,53,0,53,5751.4,346.38,0
19,Apoptosis/Necrosis,Apoptosis/Necrosis,Image,Polygon,9417.3,21906.3,31,31,0,4518.5,427,0
19,Apoptosis/Necrosis,Apoptosis/Necrosis,Image,Polygon,9175.4,21693.6,19,19,0,3129.5,217.33,0
19,Apoptosis/Necrosis,Apoptosis/Necrosis,Image,Polygon,9029.4,21575.3,8,8,0,3895.1,355.5,0
19,Apoptosis/Necrosis,Apoptosis/Necrosis,Image,Polygon,8946.3,21242.9,26,26,0,2693.4,222.05,0
19,ColorDeconvolution,ColorDeconvolution,Image,Rectangle,8360,16299.3,107,0,107,28428.7,674.48,0
20,Apoptosis/Necrosis,Apoptosis/Necrosis,Image,Polygon,11350.1,16347.8,211,211,0,21258,771.11,0
20,Apoptosis/Necrosis,Apoptosis/Necrosis,Image,Geometry,10838.2,16130.3,133,133,0,27381.6,1091.3,0
20,SiHa,SiHa,Image,Polygon,11107.9,16174.9,83,0,83,8942.7,577.52,0
20,Apoptosis/Necrosis,Apoptosis/Necrosis,Image,Polygon,10851.5,15989.1,81,81,0,7977.8,484.33,0
20,Keratinocytes,Keratinocytes,Image,Polygon,11432,16297.9,32,0,0,6930.6,722.06,32
20,Keratinocytes,Keratinocytes,Image,Geometry,11775.2,16507.5,42,0,0,9098.6,665.17,42
20,Apoptosis/Necrosis,Apoptosis/Necrosis,Image,Polygon,11766.3,16558.8,19,19,0,4892.2,305.58,0
20,Keratinocytes,Keratinocytes,Image,Polygon,12205.9,16672.7,23,0,0,9227.2,452.84,23
20,SiHa,SiHa,Image,Polygon,12422.9,16708.5,80,0,80,11460.7,615.18,0
20,SiHa,SiHa,Image,Polygon,12778.9,16754.8,66,0,66,3831.7,266.11,0
20,SiHa,SiHa,Image,Polygon,13037.3,16852.4,324,0,324,22939,801.98,0
20,SiHa,SiHa,Image,Polygon,13269.4,16914.9,104,0,104,9124.1,383.32,0
20,Apoptosis/Necrosis,Apoptosis/Necrosis,Image,Geometry,13769.5,17019.5,91,91,0,13817.2,621.38,0
20,Apoptosis/Necrosis,Apoptosis/Necrosis,Image,Polygon,14011.5,16980.4,65,65,0,14871.3,519.29,0
20,Apoptosis/Necrosis,Apoptosis/Necrosis,Image,Polygon,14295.6,16963.7,54,54,0,6335.5,387.25,0
20,Keratinocytes,Keratinocytes,Image,Polygon,13986.2,16918.6,63,0,0,23217.8,1674.4,63
20,Keratinocytes,Keratinocytes,Image,Polygon,16045.1,16424.2,286,0,0,26157,1078.6,286
20,Apoptosis/Necrosis,Apoptosis/Necrosis,Image,Polygon,15979.3,16656.8,82,82,0,11961.9,653.87,0
20,ColorDeconvolution,ColorDeconvolution,Image,Rectangle,12337,16649.7,83,0,73,64740.6,1033.3,10
21,Apoptosis/Necrosis,Apoptosis/Necrosis,Image,Geometry,6385.3,24326.6,241,241,,36282.7,1282.4,0
21,Apoptosis/Necrosis,Apoptosis/Necrosis,Image,Polygon,6513.2,24641.9,102,102,,14723.5,679.26,0
21,Keratinocytes,Keratinocytes,Image,Polygon,6118.7,24012.1,14,0,,10177.5,683.43,14
21,Apoptosis/Necrosis,Apoptosis/Necrosis,Image,Polygon,6273.7,24137.1,34,34,,4200.3,251.15,0
21,Apoptosis/Necrosis,Apoptosis/Necrosis,Image,Polygon,6111.7,23916.7,15,15,,2275.4,198.05,0
21,Apoptosis/Necrosis,Apoptosis/Necrosis,Image,Polygon,5740.6,23697.4,10,10,,4302.9,335.27,0
21,Keratinocytes,Keratinocytes,Image,Polygon,5589.4,23714.1,18,0,,13439.6,784.38,18
21,Apoptosis/Necrosis,Apoptosis/Necrosis,Image,Geometry,4914.8,23564.9,175,175,,27205.3,1275.3,0
21,Apoptosis/Necrosis,Apoptosis/Necrosis,Image,Polygon,4348.2,23594.9,118,118,,21205.7,1198.5,0
21,Apoptosis/Necrosis,Apoptosis/Necrosis,Image,Polygon,3852.8,23564.6,105,105,,21915.1,1153.7,0
21,Keratinocytes,Keratinocytes,Image,Polygon,3772,23629.1,16,0,,10786.9,901.75,16
21,Apoptosis/Necrosis,Apoptosis/Necrosis,Image,Polygon,3324.8,23585.9,3,3,,2375.9,194.27,0
21,Apoptosis/Necrosis,Apoptosis/Necrosis,Image,Geometry,2467.9,23699.5,238,238,,40982.4,1731.9,0
21,Apoptosis/Necrosis,Apoptosis/Necrosis,Image,Polygon,1857.3,23854.6,299,299,,39079.9,1462.1,0
21,Apoptosis/Necrosis,Apoptosis/Necrosis,Image,Polygon,1068.9,24100.3,165,165,,26033.4,1301.8,0
21,Apoptosis/Necrosis,Apoptosis/Necrosis,Image,Geometry,661.45,24353.1,168,168,,19571.4,864.89,0
21,Apoptosis/Necrosis,Apoptosis/Necrosis,Image,Polygon,400.82,24450.7,81,81,,9205.6,424.07,0
21,Apoptosis/Necrosis,Apoptosis/Necrosis,Image,Polygon,303.77,24653.2,94,94,,18943.2,961.84,0
21,Keratinocytes,Keratinocytes,Image,Polygon,81.29,24910.9,10,0,,3389.2,272.24,10
21,ColorDeconvolution,ColorDeconvolution,Image,Rectangle,1833.2,23839,230,230,,55511.2,952.57,0
22,Apoptosis/Necrosis,Apoptosis/Necrosis,Image,Polygon,11304,24787.5,67,67,,10840.7,432.51,0
22,Apoptosis/Necrosis,Apoptosis/Necrosis,Image,Polygon,11563.7,25227.9,38,38,,5788.5,332.08,0
22,Apoptosis/Necrosis,Apoptosis/Necrosis,Image,Polygon,11525.1,25054,66,66,,6752.1,365.53,0
22,Apoptosis/Necrosis,Apoptosis/Necrosis,Image,Geometry,11036.4,24563.5,51,51,,6198.3,473.42,0
22,Apoptosis/Necrosis,Apoptosis/Necrosis,Image,Polygon,10698.3,24200.4,76,76,,15854.7,538.91,0
22,Apoptosis/Necrosis,Apoptosis/Necrosis,Image,Polygon,10413.9,24083,60,60,,8681.1,436.11,0
22,Apoptosis/Necrosis,Apoptosis/Necrosis,Image,Polygon,9679.4,23771.3,15,15,,2230.6,189.22,0
22,Apoptosis/Necrosis,Apoptosis/Necrosis,Image,Polygon,9415.1,23677.3,42,42,,6492.4,486.29,0
22,Apoptosis/Necrosis,Apoptosis/Necrosis,Image,Polygon,8975.3,23604.4,40,40,,3933.7,282.32,0
22,Apoptosis/Necrosis,Apoptosis/Necrosis,Image,Polygon,8880,23615,36,36,,3658.7,293.44,0
22,Apoptosis/Necrosis,Apoptosis/Necrosis,Image,Polygon,8510.5,23580.1,15,15,,2827.1,237.87,0
22,Apoptosis/Necrosis,Apoptosis/Necrosis,Image,Polygon,8328.4,23589.8,55,55,,6622.5,387.29,0
22,Apoptosis/Necrosis,Apoptosis/Necrosis,Image,Polygon,8255.2,23521,19,19,,2494.6,201.33,0
22,Apoptosis/Necrosis,Apoptosis/Necrosis,Image,Polygon,8231.3,23582.2,14,14,,2878.6,230.01,0
22,Apoptosis/Necrosis,Apoptosis/Necrosis,Image,Polygon,7953.4,23628,24,24,,4193.6,296.88,0
22,Apoptosis/Necrosis,Apoptosis/Necrosis,Image,Geometry,7535.8,23741.1,144,144,,23976.2,1066.1,0
22,Apoptosis/Necrosis,Apoptosis/Necrosis,Image,Polygon,7390.8,24002.2,11,11,,863.71,108.7,0
22,Apoptosis/Necrosis,Apoptosis/Necrosis,Image,Geometry,7292.2,24030.7,64,64,,7064.5,467.98,0
22,Keratinocytes,Keratinocytes,Image,Polygon,7357.4,24072.1,13,0,,3884.2,423.16,13
22,Keratinocytes,Keratinocytes,Image,Polygon,7518.9,23872.4,12,0,,4444.8,420.75,12
22,ColorDeconvolution,ColorDeconvolution,Image,Rectangle,8270.2,23583.7,82,82,,30554.5,699.2,0
23,Apoptosis/Necrosis,Apoptosis/Necrosis,Image,Polygon,743.37,26037.9,180,180,0,29094.7,1098.4,
23,Apoptosis/Necrosis,Apoptosis/Necrosis,Image,Geometry,1432.4,26323.7,454,454,0,68605.3,3110.1,
23,Apoptosis/Necrosis,Apoptosis/Necrosis,Image,Geometry,2240.2,26597.3,149,149,0,22594.7,1635.8,
23,Apoptosis/Necrosis,Apoptosis/Necrosis,Image,Geometry,2636.2,26650,122,122,0,17381.6,1265.4,
23,SiHa,SiHa,Image,Polygon,2662.4,26745.9,4,0,4,643.19,93.33,
23,Apoptosis/Necrosis,Apoptosis/Necrosis,Image,Geometry,2793.3,26693.5,47,47,0,5716.5,494.17,
23,SiHa,SiHa,Image,Polygon,3123.6,26689.7,1,0,1,524.12,82.5,
23,Apoptosis/Necrosis,Apoptosis/Necrosis,Image,Polygon,3037,26743.9,56,56,0,8136.5,855.39,
23,Apoptosis/Necrosis,Apoptosis/Necrosis,Image,Polygon,3471.4,26771.4,10,10,0,2482.6,283.79,
23,Apoptosis/Necrosis,Apoptosis/Necrosis,Image,Polygon,3717.6,26774,67,67,0,10582.4,947.56,
23,Apoptosis/Necrosis,Apoptosis/Necrosis,Image,Polygon,3772.7,26873.7,30,30,0,2871.5,285.92,
23,SiHa,SiHa,Image,Polygon,4146.6,26803.5,1,0,1,371.69,69.39,
23,Apoptosis/Necrosis,Apoptosis/Necrosis,Image,Geometry,4176.5,26821.1,86,86,0,13426.3,1324.7,
23,Apoptosis/Necrosis,Apoptosis/Necrosis,Image,Polygon,5153.1,26901.4,82,82,0,11007.6,667.18,
23,Apoptosis/Necrosis,Apoptosis/Necrosis,Image,Polygon,5500.3,26851.3,29,29,0,4430.4,455.18,
23,Apoptosis/Necrosis,Apoptosis/Necrosis,Image,Polygon,5664.7,26829.5,35,35,0,3686.6,370.21,
23,Apoptosis/Necrosis,Apoptosis/Necrosis,Image,Geometry,5980.7,26787.6,180,180,0,23646.2,1813.4,
23,Apoptosis/Necrosis,Apoptosis/Necrosis,Image,Polygon,6255,26790.8,26,26,0,3620.4,287.8,
23,Apoptosis/Necrosis,Apoptosis/Necrosis,Image,Polygon,6191.9,26876.3,20,20,0,2095.3,183.69,
23,Apoptosis/Necrosis,Apoptosis/Necrosis,Image,Polygon,6473,26710.3,81,81,0,12769.6,922.64,
23,SiHa,SiHa,Image,Polygon,7172.8,26557.4,2,0,2,378.93,72.91,
23,Apoptosis/Necrosis,Apoptosis/Necrosis,Image,Geometry,7252.7,26423.6,422,422,0,84565.9,2024.2,
23,Apoptosis/Necrosis,Apoptosis/Necrosis,Image,Polygon,7072,26644.7,37,37,0,6781.3,360.05,
23,SiHa,SiHa,Image,Polygon,7042.7,26597,3,0,3,185.36,50.8,
23,SiHa,SiHa,Image,Polygon,6914.9,26545.6,3,0,3,335.12,69.84,
23,Apoptosis/Necrosis,Apoptosis/Necrosis,Image,Polygon,6907.7,26607.5,68,68,0,6246.9,529.99,
23,Apoptosis/Necrosis,Apoptosis/Necrosis,Image,Polygon,6634.3,26625.6,24,24,0,2103.3,230.91,
23,ColorDeconvolution,ColorDeconvolution,Image,Rectangle,1353.2,26329.2,186,186,0,57474.6,960.52,
24,Apoptosis/Necrosis,Apoptosis/Necrosis,Image,Geometry,8303.9,27683.2,157,157,,27021.2,1190.7,
24,Apoptosis/Necrosis,Apoptosis/Necrosis,Image,Polygon,8689.8,27839.6,65,65,,7712.3,337.84,
24,Apoptosis/Necrosis,Apoptosis/Necrosis,Image,Polygon,8070.5,27991.6,112,112,,15270,864.97,
24,Apoptosis/Necrosis,Apoptosis/Necrosis,Image,Polygon,8614.1,27357,233,233,,23741.7,1268.9,
24,Apoptosis/Necrosis,Apoptosis/Necrosis,Image,Polygon,8776.7,27268.5,44,44,,6307.9,384.48,
24,Apoptosis/Necrosis,Apoptosis/Necrosis,Image,Polygon,8910.1,27259.4,39,39,,6703.8,468.47,
24,Apoptosis/Necrosis,Apoptosis/Necrosis,Image,Polygon,9793,26727.5,135,135,,17133.9,946.91,
24,Apoptosis/Necrosis,Apoptosis/Necrosis,Image,Polygon,10218.2,26505,27,27,,2873.1,240.35,
24,Apoptosis/Necrosis,Apoptosis/Necrosis,Image,Polygon,11328.8,26003.6,175,175,,18255.8,1154.7,
24,Apoptosis/Necrosis,Apoptosis/Necrosis,Image,Polygon,11678.7,25959.1,45,45,,5586.8,317.7,
24,Apoptosis/Necrosis,Apoptosis/Necrosis,Image,Polygon,11899.4,25901.6,93,93,,12058.7,821.01,
24,Apoptosis/Necrosis,Apoptosis/Necrosis,Image,Geometry,12530.3,25790.1,135,135,,23561.6,1328.3,
24,Apoptosis/Necrosis,Apoptosis/Necrosis,Image,Polygon,12739,25677.9,19,19,,2396.6,191.16,
24,Apoptosis/Necrosis,Apoptosis/Necrosis,Image,Polygon,13390.6,25603.5,105,105,,11328.1,444.77,
24,ColorDeconvolution,ColorDeconvolution,Image,Rectangle,8606.9,27353.2,241,241,,65312.7,1028.1,
14,SiHa,SiHa,Image,Polygon,31944.2,13431,33,0,33,3236.6,455.01,
14,SiHa,SiHa,Image,Polygon,31423.3,13517.7,27,0,27,3545,405.26,
14,SiHa,SiHa,Image,Polygon,30802,13426.2,11,0,11,1026.7,182.44,
14,SiHa,SiHa,Image,Geometry,30155.9,13354.9,41,0,41,2501,336.63,
14,SiHa,SiHa,Image,Geometry,29359.9,13356.8,28,0,28,2475.3,492.63,
14,Apoptosis/Necrosis,Apoptosis/Necrosis,Image,Polygon,28534.3,13413.8,4,4,0,306.66,73.69,
14,Apoptosis/Necrosis,Apoptosis/Necrosis,Image,Polygon,28533.3,13374.5,7,7,0,1432,272.76,
14,Apoptosis/Necrosis,Apoptosis/Necrosis,Image,Polygon,27832.9,13444.3,4,4,0,1363.3,166.09,
14,Apoptosis/Necrosis,Apoptosis/Necrosis,Image,Polygon,27530.1,13423.3,5,5,0,443.77,97.8,
14,Apoptosis/Necrosis,Apoptosis/Necrosis,Image,Polygon,27255.2,13754.9,15,15,0,2085.4,296.58,
14,SiHa,SiHa,Image,Polygon,26987.7,13771.6,44,0,44,2307.4,265.79,
14,SiHa,SiHa,Image,Polygon,26395.9,13857.2,18,0,18,1996.4,284.79,
14,Apoptosis/Necrosis,Apoptosis/Necrosis,Image,Polygon,26521,13989.9,5,5,0,405.25,109.17,
14,Apoptosis/Necrosis,Apoptosis/Necrosis,Image,Polygon,26543.4,13995.4,2,2,0,155.86,51.02,
14,Apoptosis/Necrosis,Apoptosis/Necrosis,Image,Polygon,26429.7,14031.7,2,2,0,142.41,48.96,
14,Apoptosis/Necrosis,Apoptosis/Necrosis,Image,Polygon,26452.6,14019.9,2,2,0,96.4,39.69,
14,Apoptosis/Necrosis,Apoptosis/Necrosis,Image,Polygon,26374.2,14072,2,2,0,113.98,41.23,
14,Apoptosis/Necrosis,Apoptosis/Necrosis,Image,Polygon,26322.1,14069.7,3,3,0,144.18,47.76,
14,Apoptosis/Necrosis,Apoptosis/Necrosis,Image,Polygon,26365.2,14053.1,2,2,0,149.7,57.27,
14,Apoptosis/Necrosis,Apoptosis/Necrosis,Image,Polygon,26094.7,13886.5,6,6,0,291.66,99.36,
14,Apoptosis/Necrosis,Apoptosis/Necrosis,Image,Polygon,25844.5,14284.7,0,0,0,173.42,55.2,
14,Apoptosis/Necrosis,Apoptosis/Necrosis,Image,Polygon,25865.6,14247.1,4,4,0,206.9,59.94,
14,Apoptosis/Necrosis,Apoptosis/Necrosis,Image,Polygon,25687.3,14430.3,15,15,0,564.62,133.15,
14,Apoptosis/Necrosis,Apoptosis/Necrosis,Image,Polygon,25530.2,14521.7,9,9,0,753.42,185.63,
14,SiHa,SiHa,Image,Polygon,25506.6,14457.7,24,0,24,2176.9,347.33,
14,SiHa,SiHa,Image,Geometry,25264.2,14428.5,6,0,6,270.57,89.98,
14,SiHa,SiHa,Image,Polygon,29097.6,13340.3,5,0,5,421.32,100.39,
14,SiHa,SiHa,Image,Polygon,29275.1,13360.1,10,0,10,431.76,94.05,
14,Apoptosis/Necrosis,Apoptosis/Necrosis,Image,Polygon,28742.9,13523.3,5,5,0,139.19,44.37,
14,Apoptosis/Necrosis,Apoptosis/Necrosis,Image,Geometry,28305.4,13560.2,6,6,0,274.99,73.32,
14,Apoptosis/Necrosis,Apoptosis/Necrosis,Image,Polygon,28165.9,13590.6,6,6,0,228.38,73.16,
14,Apoptosis/Necrosis,Apoptosis/Necrosis,Image,Polygon,27844.5,13623.4,2,2,0,195.62,67.23,
14,Apoptosis/Necrosis,Apoptosis/Necrosis,Image,Polygon,25854.4,14053.3,6,6,0,455.73,119.61,
14,SiHa,SiHa,Image,Polygon,25813.4,14183.2,9,0,9,911.71,148.38,
14,Apoptosis/Necrosis,Apoptosis/Necrosis,Image,Geometry,25648.1,14447.2,8,8,0,547.59,166.8,
14,SiHa,SiHa,Image,Polygon,25665.8,14313,18,0,18,1160.3,161.3,
14,SiHa,SiHa,Image,Polygon,25680.1,14270.7,8,0,8,445.19,106.58,
14,ColorDeconvolution,ColorDeconvolution,Image,Rectangle,29273.9,13433.4,0,0,0,10734.9,415.37,
14,Apoptosis/Necrosis,Apoptosis/Necrosis,Image,Polygon,27654.6,13651.4,7,7,0,459.98,106.1,
14,SiHa,SiHa,Image,Polygon,26017,14073.3,12,0,12,558.08,130.63,
14,SiHa,SiHa,Image,Polygon,25978.9,14070,6,0,6,305.76,84.88,
14,SiHa,SiHa,Image,Polygon,25948.3,14074.4,5,0,5,464.1,101.08,
14,SiHa,SiHa,Image,Polygon,26062.3,14010.2,3,0,3,221.56,71.97,
14,Apoptosis/Necrosis,Apoptosis/Necrosis,Image,Polygon,26166,14124.9,3,3,0,118,42.62,
14,Apoptosis/Necrosis,Apoptosis/Necrosis,Image,Polygon,26010.8,14225.1,6,6,0,764.58,143.62,
14,Apoptosis/Necrosis,Apoptosis/Necrosis,Image,Polygon,25951.2,14160.2,1,1,0,147.67,59.76,
14,Apoptosis/Necrosis,Apoptosis/Necrosis,Image,Polygon,25795,14299.4,4,4,0,330.02,108.9,
14,SiHa,SiHa,Image,Geometry,25597.4,14362.1,20,0,20,1483.4,315.67,
14,SiHa,SiHa,Image,Polygon,28286.3,13488.8,26,0,26,2002.4,322.42,
14,SiHa,SiHa,Image,Polygon,28332.6,13450,11,0,11,768.32,151.95,
14,Apoptosis/Necrosis,Apoptosis/Necrosis,Image,Polygon,28460.3,13536.9,2,2,0,246.7,73.41,
14,Apoptosis/Necrosis,Apoptosis/Necrosis,Image,Polygon,28572,13530,1,1,0,135.29,44.52,
14,Apoptosis/Necrosis,Apoptosis/Necrosis,Image,Polygon,28572.1,13475,2,2,0,177.82,53.98,
14,Apoptosis/Necrosis,Apoptosis/Necrosis,Image,Polygon,28821.1,13417.3,5,5,0,380.63,89.28,
14,Apoptosis/Necrosis,Apoptosis/Necrosis,Image,Polygon,29059.8,13480.3,1,1,0,151.75,50.78,
14,Apoptosis/Necrosis,Apoptosis/Necrosis,Image,Polygon,29010.8,13478.2,2,2,0,90.73,38.05,
14,Apoptosis/Necrosis,Apoptosis/Necrosis,Image,Polygon,28834.7,13360.7,4,4,0,375.71,89.32,
14,Apoptosis/Necrosis,Apoptosis/Necrosis,Image,Polygon,28736.9,13280.4,5,5,0,127.19,53.41,
14,SiHa,SiHa,Image,Polygon,29137,13448.3,10,0,10,454.05,96.6,
14,SiHa,SiHa,Image,Polygon,29222.8,13306.5,18,0,18,1306,239.67,
14,SiHa,SiHa,Image,Polygon,29152.5,13291.7,5,0,5,412.84,105.8,
14,Apoptosis/Necrosis,Apoptosis/Necrosis,Image,Polygon,29464.1,13403.9,10,10,0,654.99,146.51,
14,Apoptosis/Necrosis,Apoptosis/Necrosis,Image,Polygon,29173.6,13146.4,3,3,0,152.29,57.19,
14,Apoptosis/Necrosis,Apoptosis/Necrosis,Image,Polygon,29203,13153.6,3,3,0,345.85,108.07,
14,SiHa,SiHa,Image,Polygon,29059.4,13359.6,18,0,18,1598.8,272.34,
14,Apoptosis/Necrosis,Apoptosis/Necrosis,Image,Polygon,28832.9,13324.3,7,7,0,862.81,186.88,
14,Apoptosis/Necrosis,Apoptosis/Necrosis,Image,Polygon,28878.4,13349.9,5,5,0,492.97,125.29,
14,Apoptosis/Necrosis,Apoptosis/Necrosis,Image,Polygon,28690.1,13519.1,23,23,0,1352.7,326.75,
14,Apoptosis/Necrosis,Apoptosis/Necrosis,Image,Polygon,28596.4,13539.5,8,8,0,342.63,111.67,
14,Apoptosis/Necrosis,Apoptosis/Necrosis,Image,Polygon,28500.7,13522.5,0,0,0,394.91,104.56,
14,Apoptosis/Necrosis,Apoptosis/Necrosis,Image,Geometry,28476.5,13561.8,2,2,0,437.58,105.38,
14,Apoptosis/Necrosis,Apoptosis/Necrosis,Image,Polygon,28420.6,13551.5,6,6,0,469.97,97.72,
14,Apoptosis/Necrosis,Apoptosis/Necrosis,Image,Polygon,28330.5,13576.8,16,16,0,842.02,205.6,
14,SiHa,SiHa,Image,Polygon,28194,13512.6,18,0,18,1247.3,227.91,
14,Apoptosis/Necrosis,Apoptosis/Necrosis,Image,Polygon,28235.6,13427.2,5,5,0,911.67,147.55,
